긍정,부정
공개,의혹
컴백,코로나
첫,마약
마켓,논란
데뷔,접대
인수,경찰
美,혐의
앨범,학폭
매수,수사
신곡,조사
콘서트,폭로
솔로,중단
돌파,버닝썬
투자,분쟁
세계,열애
플랫폼,확진
빌보드,탈퇴
티저,취소
MV,결혼
뷰,사과
글로벌,이슈
공연,입대
신인,도박
日,루머
사장,하락
예고,사생활
발표,검찰
콘텐츠,성매매
차트,어유
전속계약,해지
유튜브,급락
최고,위기
목표,출석
성공,협박
발매,무마
해외,악플
미래,우려
참여,소환
콘셉트,탈세
출연,결별
상승,클럽
투어,성폭행
최대,사태
한류,군대
재계약,무근
본격,죄송
팬덤,사망
기부,떠난다
급등,피해자
오디션,송치
시작,엇갈린
정규,압수수색
미국,조작
국내,금지
뮤비,착수
복귀,사건
포토,반성
타이틀곡,알선
확보,법원
일본,사임
기록,싸움
연속,국세청
전역,해명
진출,썸
등장,공정위
판매,檢
NFT,책임
전략,침묵
주목,고소
드라마,요청
설립,불참
완전체,갈등
선정,삭제
확장,가처분
역대,제기
기대,몰카
출격,허위
개회,세무조사
인기,문제
주문,떠난다
매력,현역
체결,상습
행보,기소
유치,부담
행보,포기
행사,졸피뎀
대상,당했다
응원,위반
주년,반박
싱글,통보
대박,징역
제작,투약
브랜드,격리
광고,비보
비결,의문
재개,구속
함께,악화
도전,폭락
톱,스토커
출시,
기획,
정상,
밀리언셀러,
팬미팅,
껑충,
뜬다,
손잡고,
한솥,
열풍,
해제,
대세,
오프닝,
흥행,
협업,
핫,
전세계,
합류,
혁신,
뮤직비디오,
스포티파이,
축제,
상승세,
넷플릭스,
콘텐트,
쇼케이스,
들썩,
탄생,
전격,
취득,
유닛,
북미,
빛,
손잡은,
회복,
강세,
오픈,
팔았다,
떴다,
새로운,
팬심,
영화,
뮤지컬,
LA,
올킬,
영향력,
스트리밍,
떼장,
예능,
긍정,
이익,
코첼라,
작품,
화제,
반전,
꿈,
경신,
추진,
넘었다,
폭등,
시너지,
올라,
수출,
사우디,
마케팅,
매진,
웃는,