entertain,artist_crawl,artist
하이브,이현/미드낫,이현
하이브,방탄소년단,방탄소년단
하이브,투모로우바이투게더,투모로우바이투게더
하이브,ENHYPEN,ENHYPEN
하이브,나나,나나 (애프터스쿨)
하이브,범주,BUMZU
하이브,백호(강동호),백호
하이브,황민현,황민현
하이브,세븐틴,세븐틴 (SEVENTEEN)
하이브,예하나,예하나(Yehana)
하이브,성연,성연
하이브,fromis_9,프로미스나인
하이브,지코,지코 (ZICO)
하이브,다운,다운 (Dvwn)
하이브,LE SSERAFIM,LE SSERAFIM (르세라핌)
하이브,NewJeans,NewJeans
하이브,&TEAM,&TEAM
하이브,Yurina Hirate,Yurina Hirate
하이브,BOYNEXTDOOR,BOYNEXTDOOR
JYP Ent.,J.Y. Park,박진영
JYP Ent.,2:00 PM,2PM
JYP Ent.,DAY6,TWICE (트와이스)
JYP Ent.,TWICE,DAY6 (데이식스)
JYP Ent.,Stray Kids,Stray Kids (스트레이 키즈)
JYP Ent.,BOY STORY,BOY STORY
JYP Ent.,ITZY,ITZY (있지)
JYP Ent.,YAOCHEN,YAOCHEN
JYP Ent.,NiziU,NiziU (니쥬)
JYP Ent.,Xdinary Heroes,Xdinary Heroes
JYP Ent.,NMIXX,NMIXX
에스엠,KANGTA,강타 (KANGTA)
에스엠,BoA,보아 (BoA)
에스엠,TVXQ!,동방신기 (TVXQ!)
에스엠,SUPER JUNIOR,SUPER JUNIOR (슈퍼주니어)
에스엠,SHINee,SHINee (샤이니)
에스엠,GIRLS' GENERATION,소녀시대 (GIRLS' GENERATION)
에스엠,EXO,EXO
에스엠,Red Velvet,Red Velvet (레드벨벳)
에스엠,NCT,NCT
에스엠,NCT 127,NCT 127
에스엠,NCT DREAM,NCT DREAM
에스엠,威神V(WayV),WayV
에스엠,SuperM,SuperM
에스엠,aespa,aespa
에스엠,GOT the beat,GOT the beat
에스엠,ZHOUMI,조미 (ZHOUMI)
에스엠,J-Min,J-Min (제이민)
에스엠,"Lee, Dong Woo",이동우 (LEE DONG WOO)
에스엠,GINJO,GINJO
에스엠,IMLAY,IMLAY
에스엠,Raiden,Raiden
에스엠,Yoon Jongshin,윤종신
에스엠,Hareem,하림
에스엠,Jungchi Cho,조정치
에스엠,Shinchireem,신치림
에스엠,JUNG-IN,정인
에스엠,Eddy Kim,에디킴
에스엠,루시,LUCY
에스엠,Jinwoon Jeong,정진운
에스엠,Taejin Son,손태진
에스엠,Brown-Eyed-Girls,브라운아이드걸스
에스엠,Gain,가인
에스엠,Yeonho Jo,조연호
에스엠,Hong ja,홍자
에스엠,Billlie,Billlie (빌리)
에스엠,JANG YOON JU,장윤주
와이지엔터테인먼트,BIGBANG,BIGBANG (빅뱅)
와이지엔터테인먼트,BLACKPINK,BLACKPINK
와이지엔터테인먼트,WINNER,WINNER
와이지엔터테인먼트,AKMU,AKMU (악뮤)
와이지엔터테인먼트,TREASURE,TREASURE (트레저)
와이지엔터테인먼트,SECHSKIES,젝스키스
와이지엔터테인먼트,GD X TAEYANG,GD X TAEYANG
와이지엔터테인먼트,G-DRAGON,G-DRAGON
와이지엔터테인먼트,JISOO,지수 (JISOO)
와이지엔터테인먼트,JENNIE,제니 (JENNIE)
와이지엔터테인먼트,ROS?,로제 (ROS?)
와이지엔터테인먼트,LISA,리사 (LISA)
와이지엔터테인먼트,JINU,JINU (김진우)
와이지엔터테인먼트,MINO,MINO (송민호)
와이지엔터테인먼트,KANG SEUNG YOON,강승윤
와이지엔터테인먼트,EUN JIWON,은지원
와이지엔터테인먼트,LEE CHANHYUK,이찬혁
와이지엔터테인먼트,LEE SUHYUN,이수현
와이지엔터테인먼트,KRUNK,
와이지엔터테인먼트,YG FAMILY,YG Family
에프엔씨엔터,P1Harmony,P1Harmony
에프엔씨엔터,N.Flying,엔플라잉 (N.Flying)
에프엔씨엔터,Cherry Bullet,체리블렛 (Cherry Bullet)
에프엔씨엔터,SF9,SF9
에프엔씨엔터,FTISLAND,FTISLAND (FT아일랜드)
에프엔씨엔터,CNBLUE,CNBLUE (씨엔블루)
에프엔씨엔터,LEE SEUNG HYUB (J.DON),이승협 (J.DON)
에프엔씨엔터,JUNG YONG HWA,정용화 (CNBLUE)
에프엔씨엔터,AOA,AOA
에프엔씨엔터,LEE HONG GI,이홍기 (FT아일랜드)
큐브엔터,조권,조권
큐브엔터,비투비,비투비
큐브엔터,펜타곤,펜타곤
큐브엔터,여자(아이들),여자(아이들)
큐브엔터,LIGHTSUM,LIGHTSUM
