TITLE,DATE,PRESS,REPORTER,CONTENT
장민호 이어 비투비 이민혁도 확진…가요계 코로나 ‘초비상’,2021-07-17 20:06:03,조선일보,김가연 기자,"




그룹 비투비/뉴시스										가수들이 잇따라 신종 코로나바이러스 감염증(코로나) 확진 판정을 받으면서 가요계에 비상이 걸렸다.그룹 비투비 멤버 이민혁(31)이 17일 코로나 확진 판정을 받았다.이민혁 소속사 큐브엔터테인먼트는 이날 공식입장을 내고 이 같은 사실을 전했다.소속사 측은 “이민혁은 보컬 선생님의 코로나19 확진 여파로 선제적 검사를 실시하여 신속항원검사와 PCR검사 모두 음성판정을 받은 후 자가격리 중이었다”고 전했다.이민혁은 최초 검사에서는 음성판정을 받았다. 그러나 16일 기침 및 발열 증상을 보여 보건소를 방문해 코로나 진단 검사를 받았고, 17일 확진 판정을 받았다.소속사는 “이민혁은 보건당국의 방역지침에 따라 필요한 조치와 함께 안정을 취하고 있으며, 이민혁 군의 빠른 쾌유를 위해 최선을 다하도록 하겠다”며 “심려 끼쳐드린 점 다시 한번 사과 드린다”고 덧붙였다.한편 가수 장민호(44)도 이날 코로나 확진 판정을 받았다.장민호의 소속사 뉴에라프로젝트는 이날 장민호의 확진 사실을 알리며 “현재 자체 자가격리 중이며, 건강상 특이사항은 없다”고 전했다.장민호를 비롯한 ‘미스터트롯’ TOP6는 최근 함께 녹화를 한 박태환이 코로나 확진 판정을 받아, 선제 검사를 받았다. 장민호를 제외한 임영웅, 영탁, 이찬원, 김희재, 정동원은 음성 판정을 받았다. 다음은 큐브엔터테인먼트 공식입장 전문							큐브엔터테인먼트입니다.비투비 멤버 이민혁이 오늘 (17일) 코로나19 확진 판정을 받았습니다.앞서 이민혁은 보컬 선생님의 코로나19 확진 여파로 선제적 검사를 실시, 신속항원검사와 PCR검사 모두 음성판정을 받은 후 자가격리 중이었습니다.이민혁은 2번에 걸쳐 진행된 최초 검사(신속항원, PCR)에서 음성판정을 받았으나 지난 16일 기침 및 발열 증상을 보여 보건소를 찾아 코로나19 PCR 검사를 진행하였고 금일(17일) 확진 판정을 받았습니다.이에 이민혁은 보건당국의 방역지침에 따라 필요한 조치와 함께 안정을 취하고 있으며 당사는 이민혁 군의 빠른 쾌유를 위해 최선을 다하도록 하겠습니다.많은 분께 심려를 끼쳐드린 점 다시 한번 사과 드립니다.당사는 보건당국의 방역지침을 준수하여 아티스트의 건강과 안전을 위해 최선을 다하겠습니다.
"
"서신애도 피해 의혹···‘학폭 논란’ 수진, (여자)아이들 탈퇴 [전문]",2021-08-14 22:01:03,조선일보,김명일 기자,"




(여자)아이들 멤버 수진										학교폭력(학폭) 의혹이 제기됐던 아이돌 그룹 ‘(여자)아이들’ 멤버 수진(본명 서수진)이 팀을 탈퇴한다.소속사 큐브엔터테인먼트 측은 14일 입장문을 통해 “서수진에 관련된 논란으로 심려를 끼쳐드린 점 고개 숙여 사과드린다”라며 “금일부로 서수진의 팀 탈퇴를 결정했다”라고 밝혔다.이어 “향후 (여자)아이들은 5인 체제로 활동을 이어나갈 예정”이라며 “더욱 성숙한 음악과 무대를 보여드릴 수 있도록 변함없는 지원과 최선의 노력을 다하겠다”라고 했다.수진은 앞서 중학교 시절 동급생을 폭행하고 따돌렸다는 의혹이 제기돼 논란이 됐다. 이 과정에서 배우 서신애도 학창시절 수진에게 피해를 당했다는 의혹도 제기됐다.서신애는 명확하게 자신이 피해자임을 밝히진 않았지만 인스타그램에 “변명은 필요없다(None of your excuse)”라는 문구를 올렸다.소속사는 당초 의혹이 제기됐을 때 “학폭이 아닌 단순한 다툼이었다”면서 법적대응을 예고했다. 수진도 의혹을 적극 부인했었다.다음은 소속사 입장 전문큐브엔터테인먼트입니다.먼저, 당사 소속 서수진에 관련된 논란으로 심려를 끼쳐드린 점 고개 숙여 사과드립니다.당사는 금일부로 서수진의 팀 탈퇴를 결정했음을 알려드립니다.향후 (여자)아이들은 5인 체제로 활동을 이어나갈 예정이며, 당사는 (여자)아이들이 더욱 성숙한 음악과 무대를 보여드릴 수 있도록 변함없는 지원과 최선의 노력을 다하겠습니다.감사합니다.
"
"
			가수 라이관린 측 “소송 자작극 주장은 루머... 법적 대응”
		",2020.11.26. 오후 5:37,None,None,None
"서신애, ‘학폭'  수진 겨냥 “잊혀지지 않는다, 울컥한 기억들”[전문]",2021-03-05 10:20:26,조선일보,이세영 기자,"
수진, 활동 전면 중단… “(여자)아이들 당분간 5인 체제”							최근 학교 폭력 의혹에 휩싸인 걸그룹 ‘(여자)아이들’의 멤버 수진이 4일 활동 중단을 발표한 가운데, 수진과 중학교 동창으로 학폭 피해를 받은 것으로 알려진 배우 서신애가 수진을 겨냥한 것으로 보이는 장문의 글을 소셜미디어에 올렸다.



배우 서신애 /인스타그램										수진의 소속사인 큐브엔터테인먼트는 그동안 수진의 학교 폭력 의혹을 부인해왔지만 논란이 커지자 “수진은 모든 활동을 중단한 상태”라며 “(여자)아이들은 당분간 5인 체제로 활동을 이어나갈 예정”이라고 밝혔다. “그대들의 찬란한 봄은 나에겐 시린 겨울이었다”							서신애는 수진의 활동 중단 사실이 발표된 4일 자신의 인스타그램 계정을 통해 “그대들의 찬란한 봄은 나에게 시린 겨울이었고 혹독하게 긴 밤이었다”며 “영원할 것만 같던 그대의 여름 끝에 나는 왜 여전히 겨울일까 의문이 들었다”고 적었다. 그는 “내 마음에 쌓인 눈을 녹이고 사무치는 존재를 잊기 위해 노력했다”고 했다.서신애는 “지나간 계절의 떠올림은 쉽지 않겠지만 보냈던 계절의 장면은 잊혀지지 않는다”며 “그 날의 온도, 그 날의 냄새, 그 날의 행동이 아물지 못해 울컥 멱차오르는 기억들을 애써 묻으며 그대의 계절을 조용히 응원해볼까 하는 생각도 해봤다”고 했다. 이어 “사람의 마음은 참으로 이기적인지라 그럴 때마다 애써 녹인 눈은 얼어붙어 빙판길이 돼버렸다”고 했다.그는 “엉망이 되어버린 나의 계절을 원망하기도 했다”면서도 “이렇게 무너지기엔 내가 너무 가여웠다. 나의 계절에 햇살을 비춰 주는 사람들에게 미안했다”고 썼다. 그러면서 “나는 더이상 겨울에 머물러 있을 이유가 없다. 빙판길을 깨부시자. 녹일 수 없다면 부셔버리자”고 했다.서신애는 “어디선가 여전히 아픈 겨울을 보내고 있을 당신에게 보잘것없는 나 역시 당신을 위해 자그마한 햇살을 비추고 있다는 걸 알아주길 (바란다)”며 “당신도 참으로 가슴 저리게 찬란한 인생을 살아가는 중”이라고 했다.서신애는 이 같은 글을 올리면서 소셜미디어 댓글 기능을 제한했고, 네티즌들은 서신애가 최근 학폭 논란에 휩싸인 수진을 겨냥해 글을 쓴 것이라고 추정했다.



수진  “서신애와 대화 나눈 적도 없다” VS “변명 그만해라”							앞서 온라인 커뮤니티에는 지난달 20일 자신의 동생이 수진의 중학교 동창이라고 밝힌 한 네티즌이 “아이들 수진에 대한 학폭을 터뜨릴 때다. 온 세상 사람이 알아야 한다”라는 내용의 글을 올려 논란이 일었다. 그는 “수진이 화장실에서 동생과 동생 친구들을 불러다가 서로 뺨을 때리게 했다” “동생을 ‘왕따’라고 칭하는 단체 문자를 보내기도 했다”고 주장했다.인기 시트콤 ‘지붕 뚫고 하이킥’에 아역으로 출연했던 배우 서신애가 수진과 중학교 동창으로 학폭 피해자라는 주장도 나왔다. 한 네티즌은 “서양이 울면서 나한테 말하던 걸 기억한다. 등교하는 길에 이 친구 뒤에서 ‘서양 이 XXX아. 야 이 X꾸X꾸야. 애미애비 없어서 어떡하냐’ 등 매일 소리를 지르며 불렀다”며 “그런데 (수진이) 예능에 나와서 얘랑 같은 출신이라고 웃으며 말하더라. 진짜 소름끼쳤다”고 했다.특히 서신애가 2012년 KBS드라마 ‘SOS’ 기자간담회 때 “‘하이킥' 출연 당시 학교 친구들에게 놀림을 당한 적이 있다”고 말한 사실이 뒤늦게 알려지면서 논람이 커졌다. 당시 서신애는 “내가 무언가를 하려고 하면 ‘연예인 납신다’고 장난을 치거나 내게 ‘빵꾸똥꾸’ ‘신신애’ ‘거지’라고 불러 슬펐다”고 했다.수진은 당시 “학생의 본분에 맞지 않는 옷차림을 하고 호기심에 담배를 몇 번 핀 적은 있다”면서도 “단 한번도 폭행을 가한 적은 없다”고 의혹을 부인했다. 또한 “서신애 배우님과는 학창 시절 대화를 나눠본 적도 없다”며 “이분께도 이 일로 피해가 간 거 같아 죄송하다”고 했다.서신애는 수진의 학폭 의혹에 대해 공식 입장을 내지는 않았지만 지난달 20일 인스타그램 스토리에 “변명 그만해라(None of your excuse)”라는 글귀를 남겨 수진이 학폭 의혹을 부인한 것을 겨냥한 것 아니냐는 해석이 나왔다.서신애는 이틀 뒤에도 인스타그램 스토리에 팝가수 빌리 아일리쉬의 노래 ‘Therefore I Am’의 재생 화면을 캡처해 올렸다. 지난해 11월 발표된 이 노래에는 ‘난 네 친구가 아냐. 내 기분을 아는 것처럼 말하지 마(I’m not your friend. Don’t talk ‘bout me like how you might know how I feel)’ 등의 가사가 포함돼 있다. 이를 두고 ‘학폭은 없었다는 수진의 해명에 서신애가 또다시 저격 글을 올린 게 아니냐’는 해석이 나왔다. 수진 모든 활동 중단… “(여자)아이들 당분간 5인 체제”							수진의 소속사인 큐브엔터테인먼트는 4일 “수진은 모든 활동을 중단한 상태이며 (여자)아이들은 당분간 5인 체제로 활동을 이어나갈 예정”이라고 밝혔다.소속사 측은 “수진의 학교, 선생님과 다수의 동창생 등 주변인들에게 당시 정황에 대해 확인했다”며 “유선상으로 다툼을 한 것은 맞으나 그 이외의 게시글 작성자들이 주장하는 폭력 등에 대한 사실은 확인되지 않았다”고 전했다.다음은 배우 서신애가 남긴 인스타그램 글 전문.							그대들의 찬란한 봄은 나에게 시린 겨울이었고 혹독하게 긴 밤이었다.영원할 것만 같던 그대의 여름 끝에 나는 왜 여전히 겨울일까 의문이 들었다. 그래서 내 마음에 쌓인 눈을 녹이고 사무치는 존재를 잊기 위해 노력했다.나의 겨울은 혼자 만들어진 것이 아님에도 이겨내기 위해선 늘 혼자만의 조용한 싸움이 필요했다. 내 사람들을 만났고 미뤄왔던 일들을 하기 시작했다. 이따금 창백한 바람이 불어 금이 가긴 해도 이정도인 것만으로도 감사했다.지나간 계절의 떠올림은 쉽지 않겠지만 보냈던 계절의 장면은 잊혀지지 않는다. 그 날의 온도, 그 날의 냄새, 그 날의 행동.. 아물지 못해 울컥 멱차오르는 기억들을 애써 묻으며 그대의 계절을 조용히 응원해볼까, 하는 생각도 해보았다. 사람의 마음은 참으로 이기적인지라 그럴 때마다 애써 녹인 눈은 얼어붙어 빙판길이 되어버렸다.그래서 엉망이 되어버린 나의 계절을 원망하기도 했다. 좀 더 이겨내기 위해 노력해 볼걸, 더 아무렇지 않게 행동해 볼걸.. 그럴수록 사람의 마음은 참으로 간사한지라 그대들의 계절을 시새움하게 되더라.이토록 매서운 겨울은 아름답진 못해도 나의 매화는 추운 겨울의 기운 속에서 맑은 향기를 내었다. 이렇게 무너지기엔 내가 너무 가여웠다. 나의 계절에 햇살을 비춰 주는 사람들에게 미안했다.나는 더이상 겨울에 머물러 있을 이유가 없다. 빙판길을 깨부시자. 녹일 수 없다면 부셔버리자.그제야 참으로 길고 긴 겨울밤의 끝에 그동안 알 수 없던 햇살이 옅게 느껴졌다. 주변을 살피니 아직은 날카로운 바람이 흩날려도 녹았던 눈으로 인해 질척이던 땅이 조금씩 굳기 시작한다. 이제 곧 어린 봄의 새싹이 돋아나겠지.어디선가 여전히 아픈 겨울을 보내고 있을 당신에게 보잘 것 없는 나 역시 당신을 위해 자그만한 햇살을 비추고 있다는 걸 알아주길. 당신도 참으로 가슴 저리게 찬란한 인생을 살아가는 중이기에.[이세영 기자 230@chosun.com] 		▶ 조선일보가 뽑은 뉴스, 확인해보세요		▶ 최고 기자들의 뉴스레터 받아보세요 		▶ 1등 신문 조선일보, 앱으로 편하게 보세요  
"
"비투비 정일훈, 상습 대마초 흡입 혐의… 소속사 “성실히 조사받겠다”",2020-12-21 22:46:48,조선일보,None,"
										아이돌그룹 비투비의 래퍼 정일훈(26)이 대마초를 여러 차례 흡입한 혐의로 경찰에 검거된 사실이 뒤늦게 알려졌다.서울지방경찰청 광역수사대는 마약류 관리에 관한 법률 위반 혐의로 정씨와 공범들을 지난 7월 검찰에 송치했다고 21일 밝혔다.



/정일훈 인스타그램										이와 관련, 채널 A는 “경찰이 공범들의 진술과 계좌추적 등을 토대로 정일훈이 4~5년 전부터 지난해까지 지인들과 함께 여러 차례 대마초를 피운 것으로 파악했다”며 “정씨가 제3의 계좌를 통해 현금을 입금하면, 지인이 이 돈을 가상화폐로 바꿔 대마초를 사들인 정황을 확보한 것으로 알려졌다”고 전했다.정씨는 경찰 수사가 진행 중이던 5월 28일 입소해 사회복무요원으로 복무 중이다.정씨는 입대 전날인 5월 27일 인스타그램에 올린 글에서 “제가 그동안 활동을 쉬면서 여러분들과 제대로된 소통이 없었던 점 미안하게 생각하고 있다”며 “참 오랜만에 남기는것 같은데 갑작스러운 소식이 되는 것 같아서 그 점 또한 미안하게 생각한다”고 군입대 소식을 전했다. 그는 “대한민국의 남성으로써 저 또한 짊어져야할 의무를 수행해야 한다. 길다면 길고 짧다면 짧은 시간이 되겠지만 보다 건강하고 행복한 모습으로 돌아오도록 하겠다”고 했다.하지만 군 입대 시기가 마약 혐의로 경찰조사를 받은 시점과 맞물려 있고, 특히 경찰이 사건을 검찰로 넘기기 직전 입대한 것이어서 ‘도피성 입대’ 아니냐는 논란도 일고 있다.소속사 큐브엔터테인먼트는 이날 입장문을 내고 “금일 본인에게 확인한 결과 정일훈이 대마초를 피운 혐의로 수사기관에 소환돼 조사 중인 것으로 확인됐다”고 했다.이어 “많은 분께 심려를 끼쳐드린 것에 대해 무거운 책임감을 느끼며 향후 진행되는 조사에도 성실히 임할 수 있게 끝까지 소임을 다하겠다”고 했다.다음은 큐브엔터테인먼트 공식입장문 전문.							안녕하세요. 큐브 엔터테인먼트입니다.금일 보도와 관련하여 정일훈 본인에게 확인한 결과, 정일훈은 보도된 바와 같이 대마초를 피운 혐의로 수사기관에 소환돼 조사 중인 것으로 확인되었습니다.많은 분들께 심려를 끼쳐드린 것에 대하여 무거운 책임감을 느끼며 향후 진행되는 조사에도 성실히 임할 수 있게 끝까지 소임을 다하겠습니다.다시 한번 많은 분들께 심려를 끼쳐드려 죄송합니다.[강영수 기자 nomad90@chosun.com] 		▶ 네이버에서 조선일보 받아보기		▶ 당신의 맞춤뉴스 '뉴스레터' 신청하세요 		▶ 조선일보 로그인하고 영화 공짜로 보자!  
"
"공개연애 현아·던 커플, 새 둥지서 내달 첫 앨범 낸다",2019-10-18 15:26:33,조선일보,None,"
			공개 연애를 선언하며 소속사를 옮긴 가수 현아(27)와 그의 연인인 던(본명 김효종·25)이 내달 5일 나란히 새 앨범을 각각 내고 무대로 돌아온다.소속사 피네이션은 현아와 던(DAWN)은 11월 5일 각각 새 앨범을 발매한다고 18일 밝혔다. 이는 전 소속사 큐브엔터테인먼트에서 피네이션으로 소속사를 옮긴 뒤 내는 첫 앨범이다.



걸그룹 포미닛으로 2009년 데뷔한 현아는 그룹과 솔로를 오가며 활동했다. '버블 팝!'(Bubble Pop!), '빨개요', '립 앤 힙'(Lip &amp; Hip) 등의 곡으로 사랑을 받았다. 작년 같은 소속사의 보이그룹 펜타곤 멤버 이던과의 열애를 인정하고 공개연애를 시작했다. 큐브엔터테인먼트는 현아와 이던 모두와 계약을 해지했다.두 사람은 지난 1월 싸이가 세운 기획사 피네이션에 합류했다. 이던은 '던'으로 활동명을 바꾸고 컴백을 준비 중이다.[허지윤 기자 newsflash@chosunbiz.com]- Copyrights ⓒ 조선일보 &amp; chosun.com, 무단 전재 및 재배포 금지 -	 			[네이버 메인에서 조선일보 받아보기]	[조선닷컴 바로가기]	[조선일보 구독신청하기] 
"
"KT에 팔리느냐, 디폴트냐… 속타는 딜라이브",2019-02-21 03:12:20,조선일보,None,"
1조 넘는 대출금 올 7월에 만기, 그 전에 인수자 찾아야 하는데… 합산규제 논의에 KT 인수 불투명



'무사히 인수자를 찾아 매각될까, 아니면 대주주가 디폴트(채무불이행) 위기를 맞나.'국내 케이블 TV 업체 딜라이브에 통신·방송 업계의 관심이 집중되고 있다. 케이블 TV 1·2위인 CJ헬로와 티브로드는 각각 LG유플러스와 SK텔레콤에 인수되는 방안이 발표되거나 검토되고 있는데, 3위인 딜라이브는 별일이 없기 때문이다. 딜라이브 대주주인 KCI(국민유선방송투자)는 1조원 넘는 채무를 상환하지 못하면 오는 7월 말 디폴트 위기를 맞게 되기 때문에, 올 상반기 안에 인수자를 찾아야 한다. 하지만 케이블 TV를 인수하지 않은 마지막 통신 업체 KT는 자칫 규제 때문에 인수 자체를 포기할 수 있다. 딜라이브는 속을 태울 수밖에 없는 것이다.KCI는 지난 2007년 딜라이브 인수를 위해 금융권으로부터 2조2000억원(딜라이브 자체 대출금 6300억원 포함)을 대출받았다. 이후 KCI는 지난 2015년부터 딜라이브 매각을 추진해왔지만, 최근 케이블 TV 업계의 위축세와 맞물리면서 인수자를 찾지 못했다. 채권단은 2016년 7월 대출금 중 8000억원을 출자 전환하는 동시에 3년간 나머지 금액 만기를 연장해준 적이 있다. 오는 7월까지 인수자를 찾지 못해도 채권단이 만기를 다시 연장해줄 가능성은 작은 것으로 알려졌다. 최악의 상황까지 갈 경우, 워크아웃(기업 개선작업)에 들어갈 뿐 아니라 경영권도 완전히 채권단에 넘어간다.가장 좋은 해결책은 회사를 파는 것이다. 실제로 작년 말부터 KT는 유료 방송 시장에서 좀 더 확고한 1위를 굳히기 위해 딜라이브 인수를 검토해왔다. 그런데 최근 국회가 작년 6월 말 폐지됐던 합산 규제를 부활시키는 논의를 시작하면서 상황이 꼬이기 시작했다.합산 규제는 특정 사업자가 유료 방송 시장의 33.3%를 초과할 수 없도록 한 규제다. 인터넷 TV와 위성 방송을 모두 보유한 KT의 유료 방송 시장 점유율이 이미 30.8%인 만큼, 합산 규제가 부활하면 딜라이브(점유율 6.5%) 인수는 불가능해진다. 이에 대해 딜라이브는 최근 합산 규제 부활에 반대하는 공식 입장문을 발표하기도 했다. 전용주 딜라이브 대표는 ""합산 규제는 유료 방송의 자율적 시장 재편을 봉쇄할 뿐""이라고 말했다.딜라이브의 실적 자체가 낙제점인 것은 아니다. 지난 2017년 기준 매출과 영업이익은 각각 5979억원과 782억원으로, 전년 대비 1.5%와 7.9% 증가했다. 가입자 수는 작년 6월 기준 206만명(시장 점유율 6.5%)이다. 딜라이브는 CJ헬로·티브로드와 달리 방송권역이 모두 서울·경기에만 있기 때문에 수도권 케이블 TV 시장에서는 최강자다.투자은행(IB) 업계에선 채권단이 딜라이브 매각을 위해 엔터테인먼트 자회사인 IHQ와 큐브엔터테인먼트를 분리 매각하는 방안을 검토 중인 것으로 알려졌다. 분리 매각을 통해 대출금 일부를 회수하는 동시에, 딜라이브 '몸값'을 내려 다른 인수자를 물색하려 한다는 것이다. IHQ는 배우 장혁·조보아 등이, 큐브엔터는 아이돌 그룹 비투비 등이 속한 연예기획사다.[김봉기 기자 knight@chosun.com] 	[네이버 메인에서 조선일보 받아보기][조선닷컴 바로가기][조선일보 구독신청하기] - Copyrights ⓒ 조선일보 &amp; chosun.com, 무단 전재 및 재배포 금지 -
		"
"걸그룹 르세라핌, 결국 학폭 의혹 논란 멤버 빼고 간다",2022-07-20 11:59:01,조선일보,윤수정 기자,"
하이브 산하 쏘스뮤직 “김가람 없이 5인 체제”BTS 배출한 하이브의 첫 걸그룹 르세라핌학폭 꼬리표 지우기 나서							방탄소년단(BTS) 소속사 하이브의 첫 걸그룹으로 주목받던 르세라핌이 멤버 김가람을 빼고 5인 체제로 활동한다. 앞서 김가람은 과거 학교폭력 문제로 논란을 빚으며 활동을 중단한 상태였다.



걸그룹 르세라핌(LE SSERAFIM) 김가람(가운데)/뉴스1 										20일 르세라핌의 소속사 하이브와 산하 레이블 쏘스뮤직은 “김가람과 전속계약 해지를 결정했다. 김가람 관련 논란으로 팬 여러분을 비롯한 많은 분들께 불편을 끼친 데 대해 진심으로 사과드린다”고 밝혔다. 이어 “향후 르세라핌은 5인 체제로 활동할 예정”이라고 했다.앞서 르세라핌은 ‘BTS 여동생 그룹’으로 데뷔 전부터 많은 주목을 받았다. BTS 소속사 하이브가 걸그룹 ‘여자친구’를 배출한 ‘쏘스뮤직’을 인수해 만든 첫 걸그룹이었기 때문이다. 하지만 멤버인 김가람의 활동 예고 영상이 공개된 직후 “같은 학교 출신인데 불량한 언행을 일삼던 학교폭력 가해자”란 폭로가 이어졌다. 당초 하이브 측은 “내부 확인 절차를 거친 결과 전혀 아니다” “법적 조치를 취하겠다”며 관련 사실을 부인했다.그러나 이후 ‘김가람에게 직접적인 피해를 당했다’고 밝힌 A씨가 법률대리인을 통해 과거 김가람이 학교폭력위원회 ‘5호 처분’을 받았다는 사실, 주고받은 메시지 등을 공개했다. 특히 1호~9호까지 학교폭력 처분 중 ‘5호’ 처분이 상당히 무거운 중징계 처분이란 교육계와 법조계 의견이 더해지면서 온라인에선 학교폭력 처분 구분표를 작성해 공유하고 분석하는 공부글이 유행처럼 번졌다. 결국 지난 5월 20일 하이브는 김가람의 활동 중단을 결정했지만, 끝까지 “김가람도 피해자”라면서 “김가람이 정신적, 심적 상처를 받았고, 이를 치유하기 위해 활동을 중단한다”고 주장했다.하이브가 태도를 바꿔 뒤늦은 사과에 나선 것은 학폭 미투에 대한 여론의 시선이 점점 더 길고, 무겁게 따라붙고 있음을 인식한 결과로 읽힌다. 앞서 큐브엔터테인먼트 소속 걸그룹 ‘(여자)아이들’ 전 멤버 수진 역시 지난해 학교폭력 의혹이 불거진 지 6개월 만에 활동을 중단했다. 이어 큐브 측은 학폭 의혹 제기자를 고소까지 했지만, ‘혐의 없음’ 처분이 나오면서 올해 3월 수진과의 전속계약을 해지했다. 하지만 이후에도 수진에 대한 비판 여론은 현재 진행 중이다. 최근 수진이 새 전속계약을 맺은 곳으로 잘못 지목된 한 기획사가 “학폭 가해자를 받아줬다”는 비판 여론에 시달리며 급히 “계약 사실이 없다”는 입장문까지 내야 했다.일각에선 김가람 없이도 르세라핌이 좋은 성적을 내고 있다는 계산도 있었을 거란 분석도 나온다. 르세라핌은 동명의 데뷔앨범으로 초동 판매량(발매일 기준 일주일 동안 음반 판매량) 30만 장을 돌파했고, 김가람 활동 중단 후에도 이들의 타이틀곡 ‘피어리스’ 뮤직비디오 조회수는 7400만 뷰를 넘겼다.
"
한물갔다고? ‘군대썰’ 풀며 아재美 뿜뿜하는 그들이 돌아왔다,2022-07-16 03:06:10,조선일보,None,"
[아무튼, 주말] 슈퍼주니어, 샤이니 등 2세대 아이돌의 롱런 비결



지난 12일 정규 11집 ‘더 로드 : 킵 온 고잉’으로 컴백한 2세대 아이돌 그룹 ‘슈퍼주니어’. 데뷔 18년 차인 이들은 공연, 예능 등을 종횡무진하며 건재함을 과시하고 있다. / Label SJ										“콘서트 연습 시간 새벽 2시까지 이랬던 거 아니에요?” (MC 한석준)“저희 이제 그렇게까지는 못하고요. 춤 집중력이 정확히 두 시간 반이에요.” (슈퍼주니어 은혁)그들의 너스레에 MC의 웃음이 터진다. 벌써 18년 차 아이돌 그룹 ‘슈퍼주니어’의 정규 11집 기자간담회. 리더 이특은 한국 나이로 마흔, 막내 규현도 서른넷이다. 멤버들의 SM엔터테인먼트 근속 근무 기간도 20년이 넘어간다. 다른 기업이었으면, 이제 임원에 오를 연차. 이들은 데뷔 때와 변함없는 노래·춤 실력과 외모로 아이튠즈 차트 23개 지역에서 1위에 오르며 건재함을 보였다.과거 아이돌 그룹 ‘3.5의 법칙’이라는 것이 있었다. 아이돌 그룹은 3년 안에 음악방송 1위를 하지 못하면 영원히 할 수 없고, 1위를 한다고 해도 그 생명력이 5년을 넘기지 못한다고 해서다. 1세대 아이돌 그룹이었던 H.O.T가 5년, 젝키는 3년 후 해체했다.그러나 슈퍼주니어로 시작되는 2세대 아이돌부터는 이런 말이 쏙 들어갔다. 동생 그룹인 ‘샤이니’는 벌써 15년 차. 비슷한 시기 데뷔한 ‘하이라이트(구 비스트)’도 이름만 바뀌었을 뿐 굳건하다. 하이라이트 동생 그룹인 ‘비투비’도 벌써 데뷔 10주년이다. 비투비는 음악 방송 1위, 3년의 법칙을 최초로 깨고 가장 오랜 기간이 흘러 1위에 오른 그룹이기도 하다.2세대 아이돌 롱런 비결은 먼저 친근함이다. ‘군대에서 축구 한 이야기하면 아재(아저씨)’라지만, 이들의 군대 이야기는 예능 주요 레퍼토리다. 같이 군악대에서 복무한 샤이니의 키와 비투비의 창섭이 군(軍) 행사 중 공연한 무대는 조회수가 297만회에 달하며 화제가 될 정도. 둘은 전역 후, 같이 예능에 출연해 군대 복무 경험을 털어놓기도 했다. 이들과 함께 해병대를 다녀온 샤이니의 민호, 하이라이트의 동운은 ‘91즈(91년생들)’라며 현재 예능 섭외 1순위다. 하이라이트의 기광과 샤이니의 온유도 군복을 입고 ‘군필돌 캠프’라는 예능을 촬영 중이다. 군대가 끝이 아니라, 제2의 전성기를 누리게 해준 것이다.두 번째는 긴 연습생 기간으로 다져진 실력이다. 이들은 어릴 때부터 라이브로 노래하며 춤추고, 작사, 작곡을 하는 것까지 탄탄하게 교육 받았다. 10년 가까이 변하지 않은, 오히려 더 멋져진 외모도 인기에 한몫한다. 특히, 최근 솔로 앨범 ‘붐’으로 컴백한 비투비의 민혁은 “이게 어떻게 30대의 외모냐. 30대 남자의 기준을 바꾸고 있다”는 말을 듣는다. 슈퍼주니어의 은혁은 “난 데뷔 때보다 지금 외모가 낫다. 1일 1팩한다”고 했다. 이런 아재미(美)에 10~20대 팬들이 새로 ‘입덕’하는 경우들도 많아지고 있다.세 번째는 ‘따로 또 같이’ 전략이다. 이들은 각자 하고 싶은 것을 하면서 그룹 활동을 유지한다. 이번에 컴백한 슈퍼주니어의 시원은 에너지 드링크 개발 사업체도 운영한다. 이렇게 오랜 기간 팬들에게 아이돌(우상)로 남아 있는 이들의 목표는 대부분 소속사 임원. 벌써 비투비의 리더 은광은 큐브엔터테인먼트 사내이사. 슈퍼주니어의 리더 이특도 “SM 사내이사가 목표”라고 말했다.
"
보살들 입는 펑퍼짐한 옷… 정국이도 니키도 입었네,2022-05-28 03:04:04,조선일보,None,"
[아무튼, 주말] 아이돌 가수들의 일상패션?절에서 입는 법복이 뜬 이유



불자들이 사찰에서 입던 법복을 일상복 반열에 올려놓은 가수 이효리(오른쪽)와 세계적으로 알린 BTS의 정국./스포츠조선, 벨레코제										감색과 겨자색, 쑥색 계열로 염색한 면 소재에 넉넉한 품을 가진 법복을 입은 사람.학창 시절 국사 선생님을 떠올렸다면 당신은 옛날 사람이다. 최근 아이돌 가수들 사이에서 일상복으로 가장 인기 있는 옷 중 하나가 법복이기 때문이다. 법복이란, 불자들이 사찰에 갈 때 편안하게 수행하기 위해 착용하는 옷. 단정하고 간소하며 넉넉한 품이 특징이다. 승려들이 입는 승복과 다르며, 일부 매장에서는 생활 한복 또는 개량 한복으로 분류되기도 한다.



(여자)아이들의 리더 전소연의 법복/나혼자산다 캡쳐										최근 곡 ‘톰보이’로 음악 프로그램 정상에 오른 걸그룹 ‘(여자) 아이들’의 리더 전소연은 지난 13일 MBC 예능 ‘나 혼자 산다’에서 검은색 바지와 겨자색 조끼로 된 법복을 입고 소속사인 큐브 엔터테인먼트로 출근하는 모습을 보여줬다. 평소 화려한 화장과 과감한 의상을 무대에서 보여준 그는 “평상복까지 화려하면 오히려 답답하다”며 법복을 즐겨 입는다고 했다. 이 말에 걸그룹 ‘마마무’의 화사도 “(옷이 화려하면) 살짝 피로감을 느낀다”고 했고, 보이그룹 ‘샤이니’의 키도 “옷 몸살이 난다”며 공감했다. 화려한 옷을 주로 입어야 하는 아이돌 그룹일수록 평상시에는 더욱 수수하게 입어 온·오프라인의 삶을 구분하는데, 여기에 법복이 제격이라는 것이다.



여자친구 예린 법복/지장사 인스타그램										법복은 소재가 부드럽고 품이 넓어 춤 연습을 하거나 비행기를 탈 때 편하다는 점도 아이돌 가수들에게 장점이다. 보이그룹 ‘엔하이픈’의 멤버 니키는 법복을 입고 춤을 추는 안무 영상을 인스타그램에 올렸다. 진회색 법복과 검은색 버킷햇, 후드티, 운동화의 조합은 잘 매치한 오버핏 힙합 패션 같다. 걸그룹 ‘여자친구’의 멤버 예린은 진한 빨강색 법복 패션을 선보여 화제가 됐다. 그래서인지 최근 인터넷에서는 ‘K조거팬츠(품이 크고 밑단이 고무줄 처리 된 추리닝 바지)’라며 법복 바지가 올라오기도 한다. 아이돌뿐 아니라 개그맨 양세찬과 이용진, 장도연 등도 법복을 입고 SBS 예능 ‘런닝맨’ 등에 출연했다.법복을 처음 ‘연예인 패션’ 명단에 올려놓은 건 가수 이효리다. 2017년 KBS 예능 ‘해피투게더’를 촬영하기 위해 방송사로 출근하며 인디핑크(탁한 분홍) 색깔의 법복을 입었다. 자연스럽게 풀어헤친 머리와 흰색 면티, 여기에 카키색 가방과 스니커즈로 매치한 패션은 ‘법복도 이효리가 입으면 스타일리시하다’는 걸 보여줬다. 이후 인터넷 쇼핑몰에는 ‘이효리 st(스타일)’이라며 비슷한 디자인의 옷들이 판매되기 시작했다.



정국 법복/일본 TBS										법복을 전 세계에 알린 건 그룹 방탄소년단의 멤버 정국과 뷔다. 먼저 정국이 2019년 공연을 위해 일본 오사카로 출국하는 날 회색 법복을 입고 나타나 ‘공항 패션’으로 인기를 끌더니, 뷔도 같은 스타일의 옷을 입고 다니기 시작했다. 이들이 입은 건 부산 사하구 괴정동에 있는 승복 브랜드인 지장사. 정국은 이후에도 노란색, 군청색 등 색깔별 법복을 입고 생활하는 모습을 브이로그(일상 비디오)로 노출했고, 최근에는 일본 민영방송 TBS 다큐멘터리에도 법복을 입고 출연했다. 지난해 9월에는 미국으로 출국하며 법복을 챙겨가 ‘마이 유니버스(my universe)’를 함께 부른 영국 밴드 ‘콜드플레이’에게 선물하기도 했다. 콜드플레이의 리더 크리스 마틴 등이 법복을 입은 사진이 전 세계적으로 화제가 됐다. 현재 지장사는 롯데백화점 팝업 행사는 물론, 미국, 러시아, 사우디아라비아 등에서도 단체 주문이 몰려든다고 한다.



법복 입은 영국 밴드 콜드플레이의 리더 크리스마틴/방탄소년단 트위터										불자들에 따르면, 60~70년 전 할머니들이 쌀가마를 지고 절에 다녔던 시절부터 법복은 존재했다고 한다. 그 유래는 알 수 없으나, 나이 든 노보살들이 절에서 기도하기 편하게 만든 옷으로 알려져 있다. 그러다 최근 사찰합창단, 차(茶)회, 수행 모임 등 절 행사들이 많아지면서 평상복으로 주목받기 시작했고, 템플스테이와 불교 유치원 등으로 젊은 층과 어린이들도 법복을 친숙하게 받아들이기 시작했다.법복의 가장 큰 장점은 3만~5만원이면 쉽게 구입할 수 있고, 집 안팎에서 모두 입을 수 있는 홈웨어이면서 외출복이라는 것이다. 남녀 모두에게 어울려 촌캉스(시골 여행)를 떠나는 연인들이 ‘커플룩’으로도 즐겨 입는다. 한 법복 판매업자는 “젊은 층뿐 아니라 외국인들도 연예인이 입은 법복 사진을 들고 와 비슷한 옷을 사가는 경우가 많아졌다”고 했다.
"
"20분에 5000만원… 3년 만의 대학축제, 연예인 몸값 껑충",2022-05-23 03:02:01,조선일보,김광진 기자,"
[핫 코너]  대학들 요청 몰려 출연료 천정부지



										‘코로나 거리 두기’가 전면 해제되면서 대학 캠퍼스에 봄축제가 3년 만에 돌아왔다. 대학마다 ‘대동제’가 속속 열리고 있는데 이들 간에 ‘연예인 섭외 경쟁’이 붙으면서 연예인 출연료도 치솟고 있다고 한다. 축제를 준비하는 대학생들은 “축제 분위기를 띄우려고 인기 연예인 공연을 추진하고 있는데 출연료가 올라도 너무 올랐다”고들 했다.22일 현재 서울대와 성균관대 등은 이미 축제를 마쳤고 한양대·경희대 등이 이달 말 축제를 앞두고 있다. 아직 축제 준비가 한창인 전국 각 대학의 ‘축제 준비위원회’ 상당수가 ‘연예인 섭외전’에 나선 상태라고 한다.가수 싸이의 소속사인 피네이션 홍보 관계자는 “거의 모든 대학에서 싸이 섭외 요청이 들어오고 있는데 일정이 많아 다 갈 수 없다”며 “제시와 현아 등 다른 가수를 포함하면 최근 들어온 섭외 요청은 수십 건”이라고 했다.5인조 아이돌 그룹인 ‘아이들’의 소속사인 큐브엔터테인먼트 관계자도 “섭외 열기가 코로나 전에 비해 더 높다”며 “문의가 계속 들어와 일정을 조율하고 있다”고 했다. 대구에서 연예인 섭외 대행사를 운영하는 김민욱(45)씨는 “섭외하고 싶은 연예인 일정을 고려해 축제 날짜를 바꾸는 대학도 있다”고 했다.‘섭외 경쟁’이 치열해진 탓인지 연예인 출연료도 덩달아 뛰고 있다.서울 한 사립대의 ‘축제 준비위원회’ 관계자는 “총학생회 예산은 코로나 이전과 같은데, 가장 몸값이 비싼 연예인의 20분 공연 가격이 코로나 전 4000만원에서 최근 5000만원으로 올랐다”며 “1.5배가 뛴 연예인도 있다”고 했다. 그는 “섭외를 하면서 ‘대형 사립대인데 다른 대학보다 적게 줘서 되겠느냐’는 말을 들었다”고도 했다.지방의 한 국립대 총학생회 관계자는 “연예인 A씨 공연을 준비해달라는 학생들의 요청이 많아 학생회가 협상에 나섰었는데 금액을 계속 올렸다”며 “결국 섭외는 했지만, 부담스러운 액수였다”고 했다. 박남기 광주교대 교수는 “코로나로 멈췄던 대학 행사들이 다시 열리며 대학 사회에 활기가 도는 것은 긍정적”이라면서도 “짧은 공연에 수천만원을 지출한 만큼의 효용이 있는지는 고민해봐야 할 것”이라고 했다.
"
종부세 피하려 아파트 판 부자들이 찾는 다음 투자처는?,2021-12-21 13:01:01,조선일보,None,"
[김기훈의 경제TalkTalk] 이진석 리얼티코리아 부사장 ①/②



종합부동산세 등 주택 세금 폭탄을 맞은 부유층들이 빌딩 투자로 관심을 돌리고 있다. 사진은 서울 강남의 대표적인 빌딩 숲인 테헤란로./조선일보DB										서울 강남에 아파트 2채를 갖고 있던 한 지인이 종합부동산세(종부세) 부담 때문에 한 채를 팔았다고 했다. 집 판 돈을 어디에 썼느냐고 물었더니, 집 근처에 꼬마빌딩(소형빌딩)을 샀다고 말했다. 집 판 돈으로는 부족해 빚을 잔뜩 냈다고 한다. 정부의 다주택자 규제 정책 이후 부자들이 재테크를 위해 빌딩 투자로 눈을 돌리고 있다는 생각에 빌딩 전문가를 만나보기로 했다.빌딩 중개 전문업체 리얼티코리아의 이진석 부사장은 빌딩 매매에 손을 댄지 벌써 20년이 된다. KB국민은행과 우리은행의 고액 자산가 고객들에게 빌딩 매매 컨설팅을 해주는 빌딩 베테랑이다. 그는 컨설턴트 70명과 함께 서울의 강남, 마포, 용산 등 서울 및 수도권 지역 빌딩을 연간 10조원 이상 매매한다고 한다. 겨울 찬 바람이 외투를 뚫고 들어오던 지난 12월 14일 오후 2시, 서울 강남구 신사동 666-11 배강빌딩 8층의 리얼티코리아 사무실을 찾았다. 사무실은 도산대로와 선릉로가 겹치는 빌딩 숲 사이에 위치해 있었다. 8층 엘리베이터에서 내리자 저 멀리 북쪽으로 남산 타워, 그리고 그 아래에 압구정동 현대아파트가 눈에 들어왔다.



 



 빌딩 매매 20년−부동산 업계에 들어오게 된 계기는?“대학에서 전자공학을 전공한 뒤 졸업 후 통신사에서 일을 했다. 1997년 외환위기 즈음에 서울 강남구의 홍실아파트를 2억3000만원에 샀다가 2억8000만원에 판 적이 있다. 그런데 내가 집을 판 뒤에 1년이 지나니까 그 집값이 6억~7억원으로 뛰어 거래되는 것이 아닌가? 돈은 직장 생활해 받는 월급이 아니라 부동산으로 벌어야 하는 것이라는 생각이 들었다. 그래서 직장을 그만 두고 부동산 시장에 뛰어들었다.”−어떻게 시작했나?“2001년에 서울 강남구 청담동에 사무실을 차리고 부동산 중개를 시작했다. 벌써 20년 전 일이다. 그러다가 지난 2012년에 지인이 리얼티코리아를 창업할 때 합류하면서 지금까지 함께 하고 있다.”



빌딩 중개업체인 리얼티코리아의 매매정보창. 매도 희망 빌딩들이 서울시 지도 위에 붉은 점으로 표시되어 있다./김기훈 기자										−지금 하는 일은?“우리 회사는 빌딩 전문 중개 회사이다. 주택 시장은 정보가 많이 공개되어 있다. 매매나 임대에 관한 정보가 많다. 예를 들어 아파트 시장은 KB국민은행의 부동산 정보 사이트에서 시가와 매물 등을 확인할 수 있다. 그러나 빌딩과 같은 상업용 부동산 정보는 소유자가 매매나 임대 정보를 잘 공개하지 않는다. 거래 금액이 작지 않기 때문에 투자할 때 신중해야 하고, 투자 후 환금성도 잘 파악해야 한다. 그래서 우리는 빌딩 시장의 흐름을 잘 파악해 투자자들에게 컨설팅을 해주는 일을 한다. 투자자들의 투자 목적에 맞게 매매 빌딩, 신축 빌딩, 사옥 빌딩 등 다양한 용도의 빌딩을 주선해준다.”−거래하는 빌딩의 규모와 지역은?“30억원대에서 1000억원대까지 다양하다. 서울과 경기 지역의 빌딩은 다 취급한다. 주요 거래 지역은 서울의 마용성(마포구 용산구 성동구)과 강남 3구(강남구 서초구 송파구), 성수동과 대학가를 꼽을 수 있다.”종부세 폭탄 피하려 빌딩으로인터뷰의 주제인 종합부동산세 등 정부의 주택 규제 정책이 빌딩 시장에 미치는 영향에 대해 곧바로 질문을 던졌다.−정부의 주택 종부세와 양도세 강화 조치 이후 빌딩 시장에 어떤 변화가 있나?“다주택자에 대한 규제가 심해지면서 100억원 미만의 소형빌딩에 투자하려는 경향이 많이 있다. 서울 지역에서 빌딩 시장에 매년 신규로 진입하는 빌딩 매수 희망 고객이 5000명 정도 되는데, 최근에는 아파트를 팔고 빌딩을 사려는 사람이 상당히 많이 포함되어 있다고 판단하고 있다.”



문재인 대통령은 치솟는 주택 가격을 잡기 위해 다주택과 고가주택 소유자에게 세금을 무겁게 매기는 정책을 썼다.국무회의에서 의사봉을 두드리는 문재인 대통령./연합뉴스										−부자들이 왜 빌딩을 사려고 하나?“첫째, 정부가 종부세 등 주택 세금을 올리자 다주택자들은 견디기 어려워졌다. 그래서 빌딩으로 갈아타는 것 같다. 주택은 종부세 면세 한도가 11억원이지만, 빌딩은 면세 한도가 80억원이다.둘째, 주택에 대해서는 은행의 대출 규제가 심하지만 빌딩은 아직 규제가 심하지 않은 편이다.셋째, 2020년 코로나 사태 이후 통화량이 급증하면서 인플레이션(물가상승)이 우려되자 사람들이 안전자산인 부동산으로 몰려들고 있는데, 서울 중심가의 상업용지에 있는 빌딩들이 안전한 재테크 수단이라고 생각하는 듯 하다.”−빌딩을 사면 어느 정도 수익을 낼 수 있나?“상업용 부동산은 임대 수익으로 은행 이자나 세금을 낸다. 그리고 보유하는 기간 동안 땅값이 꾸준히 오르면서 자산 가치가 늘어난다. 최근 10년간 연평균 땅값 상승률을 보면 서울 강남구 15%, 서초구 14%, 송파구 13% 정도 됐다. 건물을 한 번 산 사람이 다시 팔 때까지 보유한 기간이 평균 4.54년이었다. 이 기간동안 매년 15%씩 땅값이 오르면 4.5년 동안 보유해서 가격이 68% 정도 오른다는 계산이 나온다.빌딩은 가격의 50~60% 만큼 은행 대출을 받을 수 있다. 예를 들어 아파트 등을 팔아 50억원을 보유한 사람은 은행 대출 50억원을 끼고 100억원 짜리 빌딩을 살 수 있다. 법인 명의로 사면 대출에 더 유리하다. 100억원에 사서 5년간 보유하면 대략 160억원 정도로 가격이 상승한다. 50억원 투자한 기준으로 보면 5년간 60억원을 번 셈이다. 이렇게 돈이 되니 사람들이 몰릴 수 밖에 없다.”인기 빌딩은 어디?−전반적으로 볼 때 빌딩 매매가 매년 어느 정도 증가하고 있나?“매년 10% 이상씩 거래 건수가 꾸준히 늘어나고 있다.−어떤 빌딩들이 인기인가?“해마다 트렌드가 조금씩 바뀐다. 2018년에는 소형빌딩 수요가 많았다. 이후 소형빌딩 매물이 모두 소진되자 2019~2021년에는 100억원 이상의 좀 더 큰 금액대 빌딩이 많이 팔렸다. 현재 100억~250억원대 빌딩이 가장 많이 팔리고 있다. 빌딩의 위치와 종류에 따라 가격이 천차만별이지만, 서울 강남의 이면도로 지역에 건물 연면적 600평(1평=3.3㎡) 정도의 빌딩이면 대략 300억원에 거래된다.”−인기 지역은?“서울에서는 강남구, 서초구, 용산구, 성동구, 마포구가 인기 있다. 경기도에서는 분당을 예로 들 수 있다.”(이 때 이 부사장의 스마트폰이 울렸다. 고객과 상담을 하기 위해 인터뷰가 잠시 중단됐다.)



LG전자가 젊은층이 많이 찾는 서울 성동구 성수동에서 운영하는 ‘금성 오락실’. 고객들은 이 곳에서 게임하고 놀면서 OLED TV와 스마트 모니터 ‘스탠바이미’ 같은 신제품을 자연스럽게 체험할 수 있다./LG전자										−최근 각광 받고 있는 지역을 꼽으라면?“서울 성수동을 들 수 있다. 먹고 쉬고 놀기 좋은 시설이 많아서 젊은이들이 많이 몰리기 때문이다. 지금은 놀이문화가 상권을 좌우한다. 주변에 놀기 좋은 시설이 없는 회사들은 직원들을 구하기도 어렵다. 최근에 젠틀몬스터, 무신사, 크래프톤, 큐브엔터테인먼트, SM엔터테인먼트 같은 회사들이 성수동에 터를 잡은 이유도 이러한 놀이문화 시설이 많기 때문이라고 본다.예컨대 성수동에는 ‘대림창고’ 같은 카페거리와 가죽거리가 있다. 반면 중공업 지역이라서 건축시 용적률 허가가 400%까지 가능하다. 일반 주거지의 1.5배이다. 지하철 2호선 성수역이 있어서 강남 근접성도 뛰어나다. 젊은이들 입장에서 보기에 워라밸(일과 휴식의 균형)에 최적화된 곳이다. 그러니 이 지역의 빌딩이나 사무실, 상가 가격이 오르고 투자자들도 몰리고 있다. 지금 땅 값이 평당 1억원이 넘는다.”



/조선일보DB 서울 강남 지역−다른 곳을 하나 더 꼽는다면?“‘부동산 불패' 신화를 자랑하는 서울 강남 지역이다. 테헤란로 북쪽, 지하철 9호선과 7호선 라인, 도산대로 부근이다.”이 부사장은 벽에 걸린 디스플레이에 서울 강남 지역의 지도를 띄운 뒤 설명을 이어나갔다.“이 지도를 보라. 동서남북에 주거 지역이 자리잡고 있다. 남쪽은 대치동 개포동 도곡동, 북쪽에는 압구정동, 서쪽에는 반포, 동쪽에는 청담동 삼성동 잠실이 위치하고 있다. 이 네 주거지역의 중간에 있는 상업 지역에 강남의 주요 빌딩들이 있다. 강남에 사는 사람들은 예컨대 강북의 용산이나 노원 지역에 대해 잘 모른다. 그래서 자신이 제일 익숙한 곳에 위치한 빌딩을 찾는다. 집과 가까운 곳에 있어야 관리하기 쉽다고 생각한다.”



이진석 부사장은 서울 강남의 동서남북 4곳에 붉은 원으로 주거지를 표시한 뒤 그 한 가운데 위치한 붉은 오각형 지역을 강남의 핵심 상업지역이라고 설명했다./김기훈 기자										−강남의 장점은?“교통이 발달할수록 도심으로 인구가 집중된다. 이 바람에 도심이 고밀화되고 즐길 수 있는 시설들도 이 곳으로 모인다. 서울 강남구에 지하철이 모두 6개 노선이 깔려 있다. GTX(광역철도)까지 개통되면 7개가 된다. 외곽에서의 접근성이 매우 좋다. 그래서 젊은이들이 이 곳으로 몰려든다. 지금은 다산 신도시, 송도 신도시, 하남 신도시, 광교 신도시에 사는 사람들도 신분당선 등 지하철과 광역버스를 타고 30분만에 강남으로 와서 즐기다 돌아간다. 앞으로는 새로운 교통 노선이 더 뚫리면 천안에서 강남까지 1시간 30분이면 도착한다고 한다. 그러면 지방의 젊은이들도 강남의 유명 가게에 몰려가 사진을 찍어 인스타그램에 올릴 것이다.강남은 교통 뿐 아니라 직장과 주거지가 인접해 있다. 쇼핑과 의료서비스, 교육 서비스 시설도 잘 깔려 있다. 용인과 광교의 학생들도 신분당선을 타고 강남으로 학원을 다니고 있다. 그래서 ‘강남 불패' 이야기가 나온다.”−강남에서 주로 거래되는 소형빌딩의 가격대는?“6m 이상 도로에 접해 있고 2종 주거지역이라고 할 때 땅값이 평당 1억~1억5000만원 정도 된다. 건물들의 평균 대지 면적이 70~75평 정도 되니, 건물당 가격이 70억~150억원 정도 되는 셈이다.”(이 때 이 부사장의 스마트폰이 부르르 떨었다. 이 부사장이 급한 고객이라며 양해를 구했다. 그가 답신 문자를 보내는 동안 또다시 인터뷰가 중단됐다.)인기 지역의 5가지 특징−위의 이야기를 종합해 보자. 빌딩 투자자들이 선호하는 지역의 특징을 몇가지 꼽는다면?“첫째, 교통이 좋다. 1, 2, 3, 4, 5호선 등 지하철이나 광역교통망과 연결되어 있다.둘째, 젊은이들이 사진을 찍어 인스타그램에 올릴 수 있는 지역이다.셋째, 젊은 사람들이 선호하는 로봇 디자인, 빅데이터, 인공지능(AI), 패션 기업이 주변에 있다.넷째, 코로나 사태로 인해 비대면 시대가 장기화될 수 있기 때문에 상권에도 빈부격차가 심해질 수 있다. 공실 부담이 작은 주거지 밀접 지역의 상권, 예컨대 아파트 단지로 둘러싸인 항아리 모양의 지역 내 상가도 선호 대상이다. 항아리 상권은 어떤 경우에도 수요가 줄지 않을 것이기 때문이다.다섯째, 코로나 사태가 결국 지나갈 것이라고 생각하고 현재 공실률이 높은 명소, 예컨대 신촌과 홍대 주변 지역의 빌딩을 저가에 매입하는 사람도 있다.”



지하철과 버스 등 대중교통 노선에 인접해 있는지 여부는 좋은 빌딩을 판단하기 위한 중요 기준 중 하나이다.  사진은 지하철 5호선 공덕역./연합뉴스										−금리가 오르면서 향후 부동산 가격이 주춤할 것이라는 예측이 많다. 지금 빌딩을 사는 것이 현명한 선택인가?“투자자가 보는 것은 현재 시점의 이익이 아니라 미래의 이익이다. 빌딩투자의 경우 임대료는 10년 동안 연간 5% 이상 올리지 못하도록 법으로 제한하고 있지만 땅값은 제한폭이 없다. 땅값은 한해에 20~30% 오르는 경우도 있다. 그러니 임대수입으로 이자나 세금을 감당할 수만 있다면, 코로나 사태로 공실률이 상대적으로 높아 저가 매수가 가능한 지금이야 말로 투자 적기라고 볼 수 있다.”(이 때 이 부사장의 스마트폰이 또 울렸다. 그는 전화기 속의 고객에게 “지금 300억원에 사면, 조만간 경기가 나아지면 450억원에 곧 되팔 수 있을 것 같다”고 말했다.)내년 빌딩 시장 전망올해의 상황에 대해서는 충분히 물어봤다. 내년도 빌딩 시장 동향에 대해 문의해 보기로 했다.−내년도 빌딩 시장 전망은?“서울의 주요 빌딩 시장을 CBD(광화문) YBD(영등폭) GBD(강남) 3곳으로 나눈다. 올해 이 지역의 빌딩 가격이 작년보다 14~15% 정도 올랐다. 내년에는 올해보다 10~15% 정도 올라갈 것 같다.”



서울 광화문 인근 빌딩들도 좋은 투자 대상으로 꼽힌다./연합뉴스										−그렇게 보는 근거는?“빌딩 가격은 금리보다는 통화량에 영향을 받는다. 한국은행이 금리를 올린다고 하면 대체로 통화량이 줄어든다. 그런데 한국은행이 금리를 올리더라도 정부가 예컨대 재난지원금 50조원을 푼다든지 해서 통화량을 늘리면 부동산 가격은 오르게 된다. 이러한 논리는 시장의 유동성(자금) 확대에 따른 수요층 증가가 부동산 가격에 미치는 영향을 생각해 보면 쉽게 알 수 있다.예를 들어 보자. 시중에 돈이 풀리면 결국 그 돈은 법인들이 벌게 된다. 돈을 번 법인들은 사옥 같은 빌딩 매입에 나선다. 최근 법인들의 부동산 투자 문의가 많이 늘고 있는데, 남의 건물에 세를 들어 살면서 임대료를 내느니 금융비용이 들더라도 사옥을 사면 임대료를 낼 필요가 없고 건물가격 상승에 따른 시세차익도 얻을 수 있다고 생각하는 것 같다.”금리 인상보다 통화량이 중요거시경제 전문가들은 통화정책을 설명할 때 대체로 한국은행이 금리를 올리면 시중 통화량이 줄어들고 금리를 내리면 통화량이 늘어난다며 금리와 통화량을 연결시켜 설명한다. 그런데 금리와 통화량을 분리시켜서, 금리를 올리더라도 통화량이 늘어나는 사태가 발생하면 부동산 가격이 상승한다고 설명하는 이 부사장의 현장 지혜가 돋보여 추가 질문을 던졌다.−통화량의 측면에서 최근의 부동산 가격을 설명하면?“최근 3년간 경기가 좋지 않았는데도 주택 등 부동산 가격이 올랐다. 그것은 통화량의 문제이다. 한국은행이 금리를 낮추고 정부가 재정자금을 풀면서 양측이 동시에 통화량을 늘렸기 때문이다. 주택과 상업용 부동산의 공급은 제한적인데, 통화량이 증가하면 가격은 오를 수 밖에 없다. 주택의 경우 택지 조성하고 집을 지어 입주하는 데는 최소한 5년 걸린다. 빌딩은 공급이 더 제한적이다. 정부가 부동산 대책을 계속 내놔도 가격이 잘 안잡히는 것은 이러한 수요와 공급간의 시차 때문이다.내년에는 한국은행이 금리를 올려 통화량을 일부 줄이더라도, 새로 들어선 정부가 경기부양을 위해 각종 재정자금을 쏟아낼 가능성이 크다. 전반적으로 시중의 통화량이 증가하면서 빌딩 수요가 올해 못지 않을 전망이다.”



금리 정책에 대해 설명하는 이주열 한국은행 총재. 부동산 전문가들은 한은의 금리 인상 뿐 아니라 정부의 재정 지출까지 고려한 전체 통화량의 증감 여부가 부동산 가격 변화에 중요하다고 말한다./한국은행										−내년에 유망한 빌딩 거래 지역은?“앞에서 말했듯이 서울의 핵심 주요 지역인 마포, 용산, 성수, 강남 지역의 역세권을 중심으로 거래가 활발해질 듯하다.”주택과 토지, 빌딩 등 부동산 투자는 60세가 넘은 베이비부머 세대가 개발도상 시대에 경제가 급성장할 때 쓴 주요 재테크 수단이다. 하지만 1980년대 이후 출생한 MZ세대들도 부동산 투자에 관심을 갖는 사례가 늘어나고 있다. 그래서 MZ세대의 빌딩 투자 동향과, 이 부사장이 20년 동안 현장에서 갈고 닦은 빌딩 투자의 성공 요령으로 화제를 옮겼다.☞ ②/②로 이어 보기(‘이어 보기’ 아이콘이 작동하지 않으면 검색창에 ‘이진석 빌딩’을 입력하세요.)
"
"
			라이관린 손 들어준 법원… 판결문 들여다보니
		",2021.06.18. 오후 6:31,None,None,None
“서신애가 수진 미래 망쳐” 공격…엇나간 팬심에 피해자가 운다,2021-08-15 15:51:03,조선일보,문지연 기자,"




학교폭력 논란으로 팀 탈퇴를 선언한 수진(왼쪽)과 피해자로 알려진 배우 서신애. /(여자)아이들, 서신애 인스타그램										그룹 ‘(여자)아이들’ 멤버 수진(본명 서수진)이 학교폭력 논란 끝에 탈퇴를 선언하자, 피해자를 향한 일부 팬들의 공격이 이어지고 있다. 학창시절 수진의 괴롭힘에 시달려온 것으로 알려진 배우 서신애 역시 이들의 엇나간 팬심의 희생양이 되고 있다.앞서 큐브엔터테인먼트는 14일 입장문을 통해 잠정 활동 중단 상태였던 수진의 탈퇴 소식을 알렸다. 소속사는 “서수진에 관련된 논란으로 심려를 끼쳐드린 점 고개 숙여 사과드린다”며 “향후 (여자)아이들은 5인 체제로 활동을 이어나갈 예정”이라고 밝혔다. 6개월 전 관련 의혹을 전면 부인하던 수진의 해명과는 다른 발표다.일부 극성팬들은 수진의 탈퇴 소식에 분노를 감추지 못했다. 그리고는 학폭 피해자들을 향한 비난을 쏟아내기 시작했다. 이들은 피해자 중 한 명으로 알려진 서신애의 소셜미디어로 몰려갔다. 인스타그램은 댓글 작성 기능이 제한돼 있는 탓에 4주간 업로드가 멈춰있던 유튜브 채널 ‘신애의 시네마’가 공격의 대상이 됐다.수진의 해외 팬으로 보이는 네티즌들은 가장 최신 영상인 ‘부산 국제청소년어린이영화제 BIKY 일정 브이로그’ 댓글 창에 원색적인 욕설을 달고 있다. 다양한 국가 언어로 적힌 댓글에는 “수진의 미래를 네가 망쳐놓고는 행복하냐” “뻔뻔하다고 생각하지 않나” “우리 수진이를 왜 아프게 하냐” “누군가의 일상과 경력을 망친 게 자랑스럽냐” 등의 내용이 담겨있다.앞서 일부 팬들은 수진의 학폭 의혹을 처음 제기한 피해자 측 소셜미디어에도 비슷한 악성 댓글을 게시하고 있다. “너도 사랑하는 사람을 잃어 봐라” “가만두지 않겠다” 등의 위협적인 내용이 적혀 있으며 혐오스러운 사진을 DM(다이렉트 메시지)으로 보낸 사람도 있었다.수진의 학폭 논란은 지난 2월 19일 처음 불거졌다. 피해자의 친언니가 온라인 커뮤니티 글을 통해 구체적인 피해 내용을 폭로하면서다. 이 과정에서 서신애 역시 수진에게 괴롭힘을 당한 피해자라는 주장이 나왔다. 그러나 수진은 “나쁜 소문이 따라다닌 건 맞지만 억울한 부분이 있다”며 첫 폭로를 포함한 서신애 관련 의혹 모두를 전면 부인했다.



/인스타그램										대중의 시선이 다시 서신애에게 쏠리자 그는 결국 인스타그램에 장문의 글을 써 피해 사실을 털어놨다. 서신애는 “저를 거론한 그분은 2년 동안 등굣길, 쉬는 시간 복도, 급식실에서 매일같이 무리와 함께 불쾌한 욕설, 낄낄거리는 웃음, 근거 없는 비난과 인신공격을 했다”며 “그때 받은 상처들은 점점 큰 멍으로 번졌고 사람에 대한 두려움이 생겨나기 시작했다. 내성적인 성격으로 변하게 해 고등학교 진학에 큰 걸림돌이 된 것도 사실”이라고 했다.이어 “본인은 기억나지 않고 저와 대화나눈 적 없다 하는데, 맞다. 일방적인 모욕이었을 뿐”이라며 “제 뒤에서 본인의 무리와 함께 했던 멸시에 찬 발언과 행위들조차 절대 아니라 단정 지으니 유감이다. 그분의 선택적 기억이 제가 얘기하는 모든 일을 덮을 수 있는 진실한 것들인지 묻고싶다”고 말했다.
"
"“가만 안 둬, 너도 꼭…” 수진 팬들, 학폭 피해자 향해 ‘악플 테러’",2021-08-15 10:23:03,조선일보,문지연 기자,"




14일 탈퇴를 선언한 멤버 수진. /(여자)아이들 공식 인스타그램										학교폭력 의혹이 제기됐던 아이돌 그룹 ‘(여자)아이들’ 멤버 수진(본명 서수진)이 팀 탈퇴를 선언하자, 일부 팬들이 학폭 피해자 측 소셜미디어를 찾아 악성댓글을 쏟아내고 있다.앞서 큐브엔터테인먼트는 14일 입장문을 통해 “서수진에 관련된 논란으로 심려를 끼쳐드린 점 고개 숙여 사과드린다”며 “금일부로 서수진의 팀 탈퇴를 결정했다”고 밝혔다.이어 “향후 (여자)아이들은 5인 체제로 활동을 이어나갈 예정”이라며 “더욱 성숙한 음악과 무대를 보여드릴 수 있도록 변함없는 지원과 최선의 노력을 다하겠다”고 말했다.이같은 소식이 전해지자 수진의 학폭 의혹을 처음 제기한 피해자 측 소셜미디어로 일부 팬들이 몰리고 있다. 온라인 커뮤니티 등을 통해 피해 사실을 폭로해온 피해자의 친언니 인스타그램에 악성 댓글을 달기 위해서다.이 중에는 해외 팬들이 다수이며 “너도 사랑하는 사람을 잃어 봐라” “가만두지 않겠다” 등의 날 선 글들이 가득하다. 또 원색적인 욕설과 함께 DM(다이렉트 메시지)으로 혐오스러운 사진을 보낸 사람도 있었다.수진의 학폭 논란은 지난 2월 19일 불거졌다. 피해자의 친언니가 “수진이 화장실에 제 동생과 동생 친구들을 볼러 서로 뺨을 때리게 하고 ‘제 동생은 왕따’라는 단체 문자를 보내기도 했다”며 구체적인 피해 내용을 폭로하면서다. 이 과정에서 배우 서신애도 수진의 학폭 피해자라는 주장이 나오기도 했다.이에 수진은 “학창시절 눈에 띄는 아이였고 늘 나쁜 소문이 따라다닌 것도 맞지만 억울한 부분이 있다”며 “그 친구에게 단 한 번도 폭행을 가한 적 없고 물건을 훔친 적도 없다. 서신애 배우님과는 대화를 나눠본 적도 없다”며 관련 의혹을 모두 부인했다.그러나 이후 서신애가 “저를 거론한 그분은 2년 동안 등굣길, 쉬는 시간 복도, 급식실, 매일같이 어디에서나 무리와 함께 불쾌한 욕설과 낄낄거리는 웃음, 근거 없는 비난과 인신공격을 했다”는 글을 썼고 인스타그램 스토리에 “변명은 필요 없다(None of your excuse)”는 문구를 올려 반박했었다.
"
대마초 1억원어치 피워… 비투비 前멤버 정일훈 법정구속,2021-06-10 15:15:03,조선일보,None,"




비투비 정일훈/뉴시스										대마초를 수차례 피운 혐의로 재판에 넘겨진 아이돌그룹 비투비의 전 멤버 정일훈(27)씨가 1심에서 실형을 선고받고 법정에서 구속됐다.서울중앙지법 형사합의22부(재판장 양철한)는 10일 마약류관리법 위반 혐의로 기소된 정씨에게 징역 2년을 선고하고 1억3300여만원의 추징금을 명령했다. 정씨는 이날 법정에서 구속됐다.정씨와 함께 재판에 넘겨진 공범 7명은 대마 구매와 흡입 횟수에 따라 징역 1년 6개월~2년의 실형 또는 징역 1년에 집행유예 3년을 선고받았다.재판부는 “피고인들이 범행 발각이 쉽지 않도록 다크웹이라는 영역에서 서로 의사소통하면서 가상화폐인 비트코인을 대금으로 이용해 거래하는 등 치밀한 범행 수법을 사용했다”고 말했다.특히 정씨와 공범 박모씨에 대해서는 “두 피고인이 주도적인 역할을 했고 가장 많은 횟수의 범행을 했다”며 “이에 상응하는 처벌이 불가피하다”고 밝혔다.정씨는 2016 7월부터 2019년 1월까지 총 161차례에 걸쳐 1억3300여만원어치 대마를 매수해 흡입한 혐의로 올해 4월 재판에 넘겨졌다. 검찰은 정씨에게 징역 4년의 실형과 1억3300여만원의 추징 명령을 구형했고, 정씨는 혐의를 인정하면서 선처를 호소했다.한편 비투비 소속사 큐브엔터테인먼트에 따르면 정씨는 마약 혐의가 알려진 작년 12월 그룹에서 탈퇴했다.[권순완 기자 soon@chosun.com] 		▶ 조선일보가 뽑은 뉴스, 확인해보세요		▶ 최고 기자들의 뉴스레터 받아보세요 		▶ 1등 신문 조선일보, 앱으로 편하게 보세요  
"
걸그룹 수진도 학폭 의혹…  “동생과 동생 친구들 서로 뺨 때리게 했다”,2021-02-21 21:03:50,조선일보,김승현 기자,"
										걸그룹 ‘(여자)아이들’의 멤버 수진에 대해 제기된 학교 폭력 의혹에 대해 소속사 측이 21일 “전혀 사실이 아니다”라고 부인했다.



걸그룹 '(여자)아이들'의 멤버 수진. /뉴시스 										소속사 큐브엔터테인먼트는 21일 공식 입장문을 내고 “먼저 온라인에서 확산하고 있는 (여자)아이들 수진 관련 게시글에 대해 본인 확인 결과, 댓글 작성자는 수진의 중학교 재학시절 동창생의 언니로, 수진과 동창생이 통화로 다투는 것을 옆에서 들은 작성자가 수진과 통화를 이어나가며 서로 다툰 사실은 있다”며 “하지만 작성자가 주장하는 바와 같은 학교 폭력 등의 내용은 전혀 사실이 아님을 확인했다”고 했다.소속사 측은 “꿈을 향해 매 순간 최선을 다하며 한발씩 앞을 향해 나아가고 있는 멤버들이 더이상 상처받지 않도록 부탁드린다”며 “향후 악의적인 목적으로 무분별한 허위사실을 게재한 이들에게는 형사고소 및 회사에서 취할 수 있는 모든 조치를 취할 예정이며, 당사는 향후 엄벌에 처해질 가해자들에 대해서는 어떠한 선처도 하지 않을 것”이라고 했다.앞서 지난 20일 온라인 커뮤니티에는 자신의 동생이 수진의 중학교 동창이라고 밝힌 한 네티즌이 “(여자)아이들 수진에 대한 학폭을 터뜨릴 때다. 온 세상 사람이 알아야 한다”라는 내용의 글을 올렸다.그는 “수진이 화장실에서 동생과 동생 친구들을 불러다가 서로 뺨을 때리게 했다” “동생을 ‘왕따’라고 칭하는 단체 문자를 보내기도 했다” 등의 내용의 글을 올리면서 ‘수진 학교폭력' 논란이 일었다.최근 여자 프로배구 흥국생명 소속 이재영·이다영 자매의 학교 폭력 사실이 폭로된 것을 계기로 온라인에서 스포츠선수나 연예인에게 과거 학교폭력을 당했다고 폭로하는 주장이 잇따르고 있다.앞서  JTBC 드라마 ‘스카이캐슬’과 OCN 드라마 ‘경이로운 소문’을 통해 얼굴을 알린 배우 조병규도 학교 폭력  의혹에 휩싸였다.지난 16일 한 온라인 커뮤니티에서는 뉴질랜드 유학 시절 조병규로부터 언어폭력 등 괴롭힘을 당했다는 글이 올라와 조병규 측은 곧바로  “악성 루머”라며 경찰에 수사를 의뢰했다.조병규 소속사 HB엔터테인먼트는 다음날 “허위 게시글 작성자가 게시글이 허위임을 인정하고 잘못을 후회한다며 사과하는 선에서 선처해달라고 호소했다”며 법적 대응 방침을 취소했다.그러나 조병규로부터 학교폭력을 당한 또다른 피해자라고 주장하는 글이 연이어 온라인 커뮤니티에 올라왔고, 소속사 측은 해당 네티즌들을 모욕죄·허위사실 적시에 의한 명예훼손 혐의로 서울 강남경찰서에 수사의뢰를 했다.[김승현 기자 mykim010@chosun.com] 		▶ 조선일보가 뽑은 뉴스, 확인해보세요		▶ 최고 기자들의 뉴스레터 받아보세요 		▶ 1등 신문 조선일보, 앱으로 편하게 보세요  
"
수진 “서신애 괴롭힌 적 없어…입장 밝혀달라”,2021-03-20 11:09:40,조선일보,김명진 기자,"
										걸그룹 (여자)아이들 수진이 중학교 시절 동급생이었던 배우 서신애를 괴롭혔다는 의혹을 다시 한 번 부인하면서 “서신애가 명확한 입장을 밝혀주기를 강력히 요청한다”고 했다.



배우 서신애(왼쪽)와 걸그룹 아이들 수진. /조선DB										수진은 19일 오후 팬 커뮤니티를 통해 “(학교 폭력 의혹과 관련된) 입장을 밝힐 때마다 서신애는 타이밍 맞춰 (소셜미디어에) 글을 올렸고, 많은 사람이 내가 서신애에게 폭력을 가했다고 오해하게 됐다”며 이런 요구를 했다.그는 “소속사인 큐브엔터테인먼트 측에서 서신애의 소속사로 연락을 해도 돌아오는 대답은 없었다”며 “학창 시절 어떠한 괴롭힘도, 뒤에서 욕을 한 적도 없다”고 주장했다.지난달 한 네티즌은 자신의 친동생이 과거 수진에게 폭력을 당했다면서 서신애 역시 수진으로부터 괴롭힘을 당했다고 주장하는 글을 온라인에 게재했다.당시 수진 측은 모두 사실이 아니라고 입장을 발표하자 서신애는 자신의 소셜미디어에 “None of your excuse(변명하지 마라)”라는 게시글을 올렸다.소속사가 수진의 활동 중단을 알린 지난 4일에도 서신애는 “그대들의 찬란한 봄은 나에게 시린 겨울이었고 혹독하게 긴 밤이었다”는 글을 올렸었다.[김명진 기자 cccv@chosun.com] 		▶ 조선일보가 뽑은 뉴스, 확인해보세요		▶ 최고 기자들의 뉴스레터 받아보세요 		▶ 1등 신문 조선일보, 앱으로 편하게 보세요  
"
"
			우한 폐렴 확산에… 아이돌도 국내외 일정 줄줄이 취소·연기
		",2020.01.31. 오후 4:31,None,None,None
"[아무튼, 주말] ""오빠, 화면에 저 보이면 하트 그려주세요""… 코로나도 못막는 영통 팬싸",2020-05-09 03:03:09,조선일보,조유진 기자,"
팬덤의 새 문화인가, 상술인가



지난 3월 보이그룹 ‘MCND’가 영상통화로 팬 사인회를 열었다. 가수가 팬에게 전화를 걸어 대화하고 앨범에 사인해 택배로 부쳐준다. /티오피 미디어				매일 달고 사는 휴대전화지만, 어디 망가진 곳 없는지 괜히 한 번 더 살펴본다. 방구석 멀쩡한 와이파이도 오늘따라 안 터질까 걱정이다. LTE 인터넷을 빵빵히 연결한다.오늘은 특별한 날이다. 절대 놓쳐선 안 될 전화가 올 예정이다. 휴대전화 카메라의 '셀카 모드'로 얼굴이 가장 잘 나오는 각도를 찾으며 기다렸다. 카카오톡으로 영상통화가 걸려 온다. ""SUHO 수호: 페이스톡 해요.""""여보세요? 오빠, 저 보이세요? 목소리 들리면 하트 그려주세요."" 내 휴대전화 화면에 가득 떠 있는 얼굴은 내 '최애(최고로 좋아하는)' 아이돌 가수. 손가락으로 하트를 만든다. 사랑한다고 말해준다. 어젯밤 꿈 이야기가 아니다. 요즘 K팝 아이돌 그룹 사이에서 유행하는 '영통 팬싸(일대일 영상통화로 진행하는 팬 사인회)'다.강아지 자랑하고 케이크 불어주고""음악 프로그램 1위 축하한다고 케이크 보여줬어요. 언니가 입으로 후 불어줬어요.""지난 2일 걸그룹 '마마무' 솔라의 팬은 영상통화를 위해 촛불 붙인 케이크를 준비했다. ""지금 시국이 시국이다 보니까, 가수가 팬들과 직접 만나지는 못하잖아요. 아쉬워서 '영통 팬싸'를 준비했어요."" 마마무 소속사 RBW 관계자가 말했다.방구석이 팬미팅 장소가 됐다. ""아, 너무 귀여워요. 시간 다 됐는데 강아지 때문에 못 끊어요(웃음)."" 지난달 11일 걸그룹 '(여자)아이들'의 팬은 멤버 슈화에게 집에서 키우는 강아지를 자랑했다. 녹화된 팬 사인회 영상에서 강아지를 본 슈화가 환하게 웃었다. 보이그룹 '엑소' 수호의 팬은 가수가 갔던 미국 여행지를 다녀와 사진을 보여줬다는 후기를 공유했다.'영통 팬싸'의 시작은 지난 3월 갓 데뷔한 보이 그룹 'MCND'. 코로나 사태에 앨범을 낸 다른 가수들 사이에서도 영상통화 팬 사인회가 이어졌다. RBW 관계자는 ""오프라인 팬 사인회에서는 다른 팬들을 의식해 못 했을 말도 영통 팬싸에선 할 수 있다. 팬들이 가수와 하는 대화를 친구처럼 편안히 즐기는 것 같다""고 했다. '(여자)아이들' 소속사 큐브엔터테인먼트 관계자는 ""둘만 아는 이야기를 나눌 수 있고 영상을 소장하기도 쉬워 반응이 정말 좋다""고 했다.이젠 신비주의가 통하지 않는다영통 팬싸는 앨범 구매자 중 약 50명을 뽑아 진행하는데, 앨범을 많이 살수록 당첨 확률이 높아진다. 아이돌 그룹에게 팬 사인회는 매우 중요한 상술이다. 앨범 1장을 살 때마다 팬 사인회 응모권이 생기기 때문에, 당첨을 위해 100장을 한꺼번에 구매하기도 한다. '가온차트'에 따르면 지난해 상위 400위까지 국내 앨범 판매량은 2460만장. 세계적으로 실물 앨범이 약세를 보이는 상황에서도 2016년(1080만장)의 2.3배로 증가했다.팬 사인회는 충성도 높은 K팝 팬덤의 비결이기도 하다. 이규탁 한국조지메이슨대 교수는 ""K팝 팬덤은 다른 장르와 다르게 '정서적 몰입감'을 중요하게 여긴다""며 ""요즘 아이돌에게 신비주의는 안 통한다. 무대 위에서는 카리스마 있는 모습이 중요하지만, 무대에서 내려오면 팬 사인회와 라이브 방송 등으로 팬들과 일상을 나누며 친밀감을 주는 게 지상 최대 목표""라고 했다. 김헌식 문화 평론가는 ""옛날에는 아이돌을 우상으로 여겼다면, 지금은 동시대를 살아가는 또래로 보는 시각이 강하다. 콘서트와 달리 팬 사인회는 가수에게 선물을 주고 '스킨십'도 하며 접촉할 수 있다""고 했다.19년 만에 활동을 재개한 가수 양준일은 안전한 '드라이브 스루'로 팬 사인회를 열어 눈길을 끌었다. 그는 지난달 28일 경기 파주의 한 아웃렛 주차장에서 차를 타고 온 팬들에게 장갑을 낀 채 사인을 해줬다. 마스크를 착용한 팬들은 발열 체크와 손 소독을 거친 뒤 사인회에 참여할 수 있었다. 코로나도 '덕질'은 못 막는다.[조유진 기자 jinjo2299@chosun.com] 		▶ 바뀐 우리집 공시가 확인하기 		▶ 네이버에서 조선일보 받아보기		▶ 조선일보 구독 신청하기 	- Copyrights ⓒ 조선일보 &amp; chosun.com, 무단 전재 및 재배포 금지 -
"
"용준형, ""'정준영 몰카 동영상' 봤다"" 뒤늦게 시인…하이라이트 탈퇴",2019-03-14 13:51:05,조선일보,None,"
			그룹 하이라이트 용준형(30)이 14일 가수 정준영(30)이 카카오톡 단체 대화방에서 유포한 성관계 몰래카메라 영상을 공유한 사실을 뒤늦게 시인하고 팀에서 탈퇴했다. 용준형은 당초 의혹이 제기되자 ""전혀 사실이 아니다""라고 부인하다 전날 정준영이 ""모든 죄를 인정한다""고 인정하자 하루 만에 불법 촬영 동영상을 봤다고 시인한 것이다.



연합뉴스용준형의 소속사 어라운드어스는 14일 ""용준형이 2015년 말 정준영과 일대일 대화방을 통해 공유받은 불법 동영상을 본 적이 있으며, 이에 대한 부적절한 대화를 주고받았다""며 ""지난 13일 (경찰에서) 참고인 조사를 받았다""고 밝혔다. 이어 ""용준형은 책임을 통감하고 그룹의 이미지 실추와 2차 피해를 막고자 오늘자로 하이라이트를 탈퇴한다""고 했다.소속사는 ""관련 사안에 대해 정확한 팩트 체크를 하지 못하고, 섣부른 판단으로 성급하게 공식입장을 내어 많은 분께 혼란을 야기시킨 점 진심으로 사과드린다""고 했다.



용준형 인스타그램 캡처용준형도 소셜미디어에 직접 입장을 밝혔다. 그는 ""11일 SBS 8시 뉴스가 나온 직후 회사의 사실 여부 확인 전화를 받았을 때 논점을 잘 이해하지 못하고 단톡방에 없었다는 내용만 전달했다""며 ""회사가 이전에 낸 공식 입장은 본인이 잘못 전달한 내용""이라고 했다.용준형은 ""이 모든 행동이 너무나 부도덕한 행동이었고, 제가 어리석었다""며 ""이것이 범죄이고 범법 행위라고 생각하지 못하고 안일하게만 생각했고, 그것을 단호하게 제지하지 못한 점 또한 제 잘못""이라고 했다.그는 ""참고인 조사를 받으면서 과거에 제가 어떤 대화를 했는지 정확하게 보게 되었고, 부끄럽고 참담함을 금할 수 없었다""며 ""그러나 단 한번도 몰카를 찍는다거나 그것을 유포한다거나 하는 등의 범법행위는 하지 않았다""고 했다.앞서 지난 11일 SBS 8 뉴스는 정준영의 불법 영상 유포 의혹을 보도하면서 카카오톡 단체대화방 대화 내용을 재구성해 보도했다. 보도에 따르면  ""(카톡방에) 동영상 찍어서 보내준 거 (여자에게) 걸려가지고""라는 정준영의 말에 '가수 용○○'은 ""그 여자애한테 걸렸다고?""라고 반문했다. 이에 '가수 용○○'이 용준형이 아니냐는 의혹이 제기됐다.그러자 용준형과 소속사는 곧바로 사실이 아니라고 반박하며 법적 대응을 예고했다. 용준형은 소셜미디어를 통해 ""보도된 내용은 전혀 사실이 아니다. 이런 내용을 들었을 때 그런 일이 있다는 것도 인지하지 못하고 있었다""고 했다.소속사도 ""용준형은 정준영의 불법촬영 등 영상이 공유됐던 그 어떤 채팅방에 있었던 적이 없고, 정준영과 그 어떤 단톡방에도 있었던 적이 없다고 확인했다""며 ""용준형과 정준영이 친구인 사실은 맞지만, 단지 친하다는 이유로 이런 일에 연루된 것에 대해 용준형과 그를 아는 모든 사람이 억울함을 느끼고 있다""고 했다.



SBS 캡처용준형은 SBS에 보도된 카톡 대화에 대해 ""그 전날 같이 술을 마시고 집에 들어간 후, 그 다음날 안부를 물어본 상황""에서 이뤄졌으며, 당시 카톡 대화에서 ""정준영이 그런 일(불법 동영상 촬영물을 다른 사람에게 보내다 걸렸다는)이 있었다고 해서 '그 여자애한테 걸렸다고?' 라고 답변한 것""이라 설명했다.지난 2009년 그룹 비스트로 데뷔한 용준형은 이후 장현승의 탈퇴와 큐브엔터테인먼트와의 전속계약 만료를 거쳐 2017년부터 현재의 소속사에서 5인조 그룹 하이라이트로 활동했다. 현재 용준형과 소속사 계약은 변동 없으며, 용준형은 4월 초 현역으로 입대 예정이다.다음은 어라운드어스 엔터테인먼트 입장 전문.안녕하세요 어라운드어스 엔터테인먼트입니다.먼저, 잘못된 공식입장으로 혼란을 빚으셨을 많은 분들께 죄송하다는 말씀 전합니다.11일 SBS 8 뉴스 보도내용과 관련하여 용준형은 2015년 말 정준영과 술을 마신 다음날 1:1 대화방을 통해 서로의 안부를 물어보다가 불법 동영상을 찍었던 사실을 알게 되었고, 그 이후 1:1 대화방을 통해 공유받은 불법 동영상을 본 적이 있으며 이에 대한 부적절한 대화를 주고받았습니다. 해당 내용은 13일 용준형의 참고인 조사를 통해 다시 확인할 수 있었습니다.용준형은 본 사안의 심각함을 깨닫고 13일 참고인 조사를 성실하게 임하였으며, 과거 본인이 한 언행으로 많은 분들께 실망을 안겨드린 점, 그리고 본인의 과거 행동에 대한 도덕적 해이가 심각했음을 깨닫고 깊게 반성하고 있습니다. 이번 일이 용서받지 못할 일이란 것 또한 잘 알고 있으며, 본인으로 인해 멤버들과 하이라이트를 사랑해주시는 많은 팬분들의 사랑과 신뢰를 깨뜨리고 실망을 안겨드린 점에 대해서도 깊이 반성하고 있습니다. 그리고, 책임을 통감하여 그로 인한 그룹의 이미지 실추 및 2차 피해를 막고자 당사와의 협의 하에 2019년 3월 14일 자로 그룹 하이라이트를 탈퇴합니다.불미스러운 사건에 용준형이 연루되었음에도 불구하고 그에 대해 정확한 팩트 체크를 하지 못하고, 섣부른 판단으로 성급하게 공식입장을 내어 많은 분들께 혼란을 야기시킨 점 진심으로 사과드립니다. 앞으로는 이런 일이 일어나지 않도록 주의를 기하겠습니다. 다시 한번 하이라이트를 진심으로 아껴 주시는 팬분들께 사과드립니다. 죄송합니다.다음은 용준형 인스타그램 입장 전문.안녕하세요 용준형입니다.먼저, 요 며칠 저로 인해 힘든 시간을 보냈을 멤버들과 모든 팬들께 진심으로 사과드립니다.저는 11일 SBS 8시 뉴스가 나온 직후 회사의 사실여부 확인 전화를 받았을 때 논점을 잘 이해하지 못하고 제가 단톡방에 없었다는 내용만 전달하였습니다. 그래서 회사 입장에서는 저의 편을 들어 공식 입장에서 보도 내용이 맞지 않다고 얘기를 하였으나, 제가 잘못 전달한 내용이었습니다. 공식입장을 내기 위해 회사와 얘기를 하던 중 그 일이 2016년이라고 말씀드렸던 건, 정준영과의 대화 내용이 제 카톡에 남아있지 않았기 때문에 그때 당시 날짜 확인을 제대로 할 수가 없었습니다. 이 또한 많은 이들의 혼란을 가중시킨 점, 사과드립니다.2015년 말 당시 카톡 내용 관련해서 뉴스에서 보도된 저와 정준영과의 대화 내용은, 그 전날 같이 술을 마시고 집에 들어간 후, 그 다음날 안부를 물어보다가 정준영이 그런 일(불법 동영상 촬영물을 다른 사람에게 보내다 걸렸다는) 이 있었다며 얘기를 했고, 거기에 제가 ""그 여자애한테 걸렸다고?"" 라고 답변을 한 것이었습니다. 그 때 동영상을 받은 적은 없지만, 다른 동영상을 받은 적 있습니다. 뿐만 아니라 거기에 대한 부적절한 대화도 하였습니다. 이 모든 행동들이 너무나 부도덕한 행동들이었고, 제가 어리석었습니다. 이것이 범죄이고 범법 행위이라고 생각하지 못하고 안일하게만 생각했고, 그것을 단호하게 제지하지 못한 점 또한 제 잘못입니다.어제 저는 이 사안과 관련하여 참고인 조사를 받으러 다녀왔습니다. 제가 알고 있는 모든 것에 대해서 거짓 없이 이야기하고, 수사에 협조하였습니다. 참고인 조사를 받으면서 과거에 제가 어떤 대화들을 했는지 정확하게 보게 되었고, 부끄럽고 참담함을 금할 수 없었습니다.단 한번도 몰카를 찍는다거나 그것을 유포한다거나 하는 등의 범법행위는 하지 않았습니다. 또한, 2016년 말부터는 정준영과 서로의 안부를 간간히 물어보는 정도의 관계만 유지했습니다. 그러나 저는 그동안 그런 사실을 알았으면서도 너무나도 쉽고 안일하게 생각하였고 행동하였으며, 여태껏 그런 저의 행동으로 인해 다른 수많은 피해자들이 생길 수도 있는 이 심각한 문제에 대해 묵인한 방관자였습니다.이제껏 보내주신 과분한 사랑에 보답하지 못하고 이런 일로 저를 믿고 있는 멤버들과 팬분들의 신뢰를 저버리게 되어 정말 죄송합니다. 저는 이 사안의 심각성을 깨닫고, 또 저로 인해 실망하셨을 팬분들과 멤버들에게 더 이상 피해가 가는 것을 원치 않아, 2019년 3월 14일자로 그룹 하이라이트에서 탈퇴를 하겠습니다. 반성하고, 또 반성하며 살겠습니다. 다시 한번 진심으로 사과드립니다.[진태희 인턴 기자 ]- Copyrights ⓒ 조선일보 &amp; chosun.com, 무단 전재 및 재배포 금지 - 			[네이버 메인에서 조선일보 받아보기]	[조선닷컴 바로가기]	[조선일보 구독신청하기] 
"
